Math,SES,Locale,D,Trt,Y,Graduate
125.10422453062776,17.909113937988877,S,0,HS,214.0572984636311,TRUE
108.94954724316935,18.26513721421361,U,0,HS,181.6292844213644,TRUE
108.47529721165475,31.92628070525825,U,1,8th,155.7150157779412,FALSE
95.87599897419061,30.619562877342105,S,0,HS,138.87850826534316,FALSE
101.07961873750315,20.61994115076959,U,0,HS,161.8724252693503,TRUE
100.76252539768002,37.91092374548316,R,1,8th,180.1039223005361,TRUE
115.4439715158288,39.83304977230728,U,1,8th,203.79139701512153,TRUE
88.08244817142497,33.3043322339654,U,1,8th,105.19466385431147,FALSE
110.84272402940096,27.506204694509506,U,0,HS,143.28473864295222,FALSE
101.265703415589,20.380118338391185,R,0,HS,157.02695885214038,TRUE
109.4484852284281,34.81938086822629,U,1,8th,173.38016635670738,TRUE
95.79571696335674,22.419381450861692,U,0,HS,135.450875498049,FALSE
113.51474180718778,26.095814391970634,S,0,HS,163.03790605378433,TRUE
101.88871040319098,37.7179355379194,U,1,8th,178.5263628698124,TRUE
115.45401407306997,28.63002583011985,S,0,HS,156.4095902522433,TRUE
107.8972424065169,20.396774420514703,S,0,HS,172.06774469202512,TRUE
111.55067474912192,23.360018892213702,S,1,8th,164.91835482140507,TRUE
96.60250897996322,21.93097392655909,S,0,HS,151.53557902801873,FALSE
107.5795257811024,38.79259794577956,R,1,8th,187.00545539665154,TRUE
107.8353268484346,22.51504616253078,S,0,HS,157.55294516204947,TRUE
106.09855581437736,29.658563513308764,U,1,8th,148.992107818735,FALSE
126.2878936530758,18.155167996883392,R,0,HS,203.20516699882805,TRUE
118.87235994302121,33.13718098029494,S,1,8th,166.5197294927816,TRUE
111.13978071051011,30.834516717121005,U,0,HS,141.7276516941687,FALSE
101.69396750654514,30.84435899928212,U,0,HS,151.65024635205933,FALSE
105.05232549612913,26.792392829433084,R,0,HS,138.44472245350727,FALSE
109.37161624497182,17.94982559606433,R,0,HS,181.90816564023393,TRUE
117.32157162177859,23.619420198723674,U,1,8th,168.32043294935298,TRUE
114.65256828717455,27.587610609829426,U,1,8th,153.32402400237757,FALSE
95.06364564396922,31.927671123296022,S,1,8th,149.26149012660903,FALSE
106.11539294711116,28.18641654960811,S,0,HS,157.9571958812201,TRUE
129.06866947266587,36.433739302679896,R,1,8th,199.05824867731937,TRUE
126.96044735391573,31.283671710640192,U,1,8th,182.3550312052439,TRUE
108.06369685832756,18.488701844587922,S,0,HS,185.23384559420697,TRUE
114.71202338090201,27.856820402666926,U,1,8th,156.56244907005868,FALSE
111.34858250456813,23.479179374873638,U,0,HS,161.20183862205067,TRUE
105.69022292062851,25.102755427360535,U,0,HS,149.21259600132205,FALSE
116.71544229408981,26.302317703142762,U,1,8th,155.64826815507084,FALSE
127.01546238409085,17.736669797450304,R,0,HS,209.46587924961008,TRUE
106.14596584610179,23.41985036432743,R,1,8th,150.0376682032123,FALSE
124.76449585131815,18.5195222645998,U,0,HS,191.44004589124285,TRUE
114.17720524804334,30.644612004980445,U,1,8th,156.11456784039106,FALSE
124.41711345665769,36.26557073183358,R,1,8th,184.67555651678683,TRUE
119.32539880112132,33.27365959249437,R,1,8th,165.60166516553699,TRUE
115.23486930722,16.231887005269527,S,0,HS,213.20043168297858,TRUE
101.51916190501039,26.660227477550507,R,0,HS,130.1595652797264,FALSE
100.67621135549842,34.99827098287642,U,0,HS,158.3246050230468,TRUE
114.26840182588691,21.13151024840772,U,0,HS,168.01915556021567,TRUE
97.21572687596692,27.983270028606057,U,1,8th,132.64925366801003,FALSE
123.44028513671583,37.998961919918656,U,1,8th,208.55229192439072,TRUE
94.9861820248889,36.57559657655656,S,1,8th,158.6927252242521,TRUE
115.49481314665951,38.92937825061381,U,1,8th,198.51105947941844,TRUE
124.15332986098403,31.514057148247957,S,1,8th,168.60840464682155,TRUE
108.86176545806356,38.78434631973505,S,1,8th,203.22477739190282,TRUE
107.26574508823819,19.22713636048138,S,0,HS,190.40669077641488,TRUE
103.63852363212463,34.18455543741584,S,1,8th,168.04727539294998,TRUE
106.01365271665983,30.744148200377822,S,1,8th,162.47869414884062,TRUE
100.38344401750331,29.669291896745563,U,0,HS,139.70020050690488,FALSE
105.93303964703212,27.218169962987304,U,1,8th,152.8900899107094,FALSE
115.99837980180752,29.22925738617778,U,1,8th,152.66879062054767,FALSE
111.5536451276351,35.693318359553814,S,1,8th,171.87669352308282,TRUE
103.16286948103365,35.018658470362425,S,1,8th,173.78661783295576,TRUE
99.26706988460673,25.46141416952014,U,0,HS,134.74930808049282,FALSE
92.83645238497233,17.24106532521546,U,0,HS,155.5081343567293,TRUE
109.19607099704575,16.8403960429132,U,0,HS,199.53541812173347,TRUE
108.48017372683928,19.979881819337606,U,0,HS,173.81499981028054,TRUE
109.71547527123957,39.10276325419545,S,1,8th,205.19152228146504,TRUE
110.16140215158714,34.2086127679795,U,1,8th,163.7091025842565,TRUE
111.55347270063643,18.060035524889827,R,1,8th,187.61705761639107,TRUE
111.68224185719303,35.81614078953862,S,1,8th,177.39182493993326,TRUE
93.05562113261843,38.682049449533224,S,1,8th,173.67349306099146,TRUE
109.89905269760608,19.651913549751043,U,0,HS,177.64123992347453,TRUE
112.08739467830313,22.213157234713435,U,1,8th,166.67716205477808,TRUE
103.97507469844153,32.74103299155831,S,1,8th,166.13362775410286,TRUE
122.30735948970249,24.115041943266988,S,0,HS,178.9821044984806,TRUE
122.34615539230359,33.21168679557741,U,1,8th,173.25388977965017,TRUE
114.64620085003945,26.441261494532228,R,1,8th,149.04640217174196,FALSE
98.14461737813338,24.72337068617344,S,1,8th,150.1788435805009,FALSE
117.85774067396171,34.85939138010144,S,1,8th,175.69180166080528,TRUE
111.50492964023064,35.53545047715306,R,1,8th,167.1709187323049,TRUE
112.7992303625475,18.64419154636562,U,0,HS,181.2149172463565,TRUE
118.12197532963677,36.380354849621654,U,1,8th,177.2668869369367,TRUE
113.98277256991072,16.894820611923933,R,1,8th,197.30569692163667,TRUE
122.61087267221991,26.453909423202276,U,1,8th,169.3789923336437,TRUE
112.91870080319246,23.473690485581756,S,1,8th,165.95460182667142,TRUE
109.57276893199747,22.49044156074524,S,0,HS,168.50133112154793,TRUE
121.16554744526145,29.098056863993406,U,1,8th,163.52179378494088,TRUE
113.55731356927312,33.683265157043934,U,1,8th,174.92899634938144,TRUE
116.32791177898397,18.26788868010044,U,1,8th,198.57382877030375,TRUE
105.60059463957887,28.79824016056955,U,0,HS,143.7696704748048,FALSE
105.39175097478304,20.068741476163268,R,0,HS,168.6081798154531,TRUE
103.86738577624882,27.308216709643602,S,0,HS,146.30710831049072,FALSE
127.58601778367324,31.69233707152307,S,1,8th,195.47132704220178,TRUE
114.5377788596162,34.41078764759004,U,1,8th,163.52743169717874,TRUE
96.58294594636007,28.28852748684585,U,1,8th,131.7088933383003,FALSE
103.03809376908919,35.07244822755456,S,1,8th,168.03353720909496,TRUE
106.3884282622862,25.166005900129676,U,0,HS,154.39598773298195,FALSE
107.90614705347146,36.27556439116597,U,1,8th,177.42542502681653,TRUE
103.20188905360426,17.80837830901146,S,0,HS,195.13666598743674,TRUE
126.09359238165958,38.36911680549383,S,1,8th,215.10654302596632,TRUE
105.81437276390855,25.078850423917174,S,0,HS,157.65079987185635,TRUE
114.03302259271987,33.710653534159064,S,1,8th,172.21126706705874,TRUE
103.34696922904003,18.962324591353536,U,0,HS,172.09985310477882,TRUE
102.66414038060998,18.096202040091157,U,0,HS,184.75300256298848,TRUE
118.7446481515134,30.9500577095896,U,1,8th,163.44180625089223,TRUE
116.60312857833135,21.05539141409099,U,1,8th,175.86249570882197,TRUE
114.43099340415087,38.08366715349257,R,1,8th,181.8585959722378,TRUE
117.0825026687981,21.251756388694048,S,1,8th,181.44252141548927,TRUE
122.84345633099181,16.38175201974809,R,1,8th,219.6779942952495,TRUE
108.56778289615228,18.006491223350167,U,0,HS,187.67003144410384,TRUE
107.93504412472467,17.39571414887905,U,0,HS,193.64915694533622,TRUE
101.23902549343767,16.316344464197755,S,0,HS,205.4045692320945,TRUE
111.99432177648615,33.955513367429376,S,1,8th,179.99936257990367,TRUE
129.315871177434,26.6455483622849,R,1,8th,181.4893117461095,TRUE
99.44358820347627,17.24015324562788,S,0,HS,190.43062817963542,TRUE
107.3022161149717,31.29600620083511,S,1,8th,165.23755605841617,TRUE
112.25322651369747,21.809662440791726,R,1,8th,163.69214496541574,TRUE
122.29967120252516,36.71841685846448,R,1,8th,178.57505645760386,TRUE
122.50973484528264,37.44676040671766,U,1,8th,198.6730291492724,TRUE
103.07925929413959,32.046761214733124,U,0,HS,147.58379521700414,FALSE
103.21715114549791,34.08818361163139,R,1,8th,154.78124078543027,FALSE
116.14815768069998,26.622928919270635,S,1,8th,166.30967342832034,TRUE
100.38358026742264,19.32714075781405,R,0,HS,173.10782231587456,TRUE
111.00983196273678,16.941992856562138,R,0,HS,194.68602092818264,TRUE
112.37897167355891,24.856058459728956,S,1,8th,160.8362691143546,TRUE
118.25267604054784,28.199885016307235,R,0,HS,147.22939558952166,FALSE
109.41909324803318,31.87932648509741,S,0,HS,165.95766665849683,TRUE
124.48068127542172,22.683298848569393,U,1,8th,187.42343856515834,TRUE
103.49813484981148,24.22567331418395,U,1,8th,154.6869048274466,FALSE
111.3081913811374,26.710804272443056,R,1,8th,148.65054083554176,FALSE
116.16532701411015,27.502030367031693,U,1,8th,154.56352069822006,FALSE
120.83290185211011,22.538568621501327,U,0,HS,169.66213769127194,TRUE
93.23476220385422,18.257220858708024,U,0,HS,140.716785628648,FALSE
131.68822578950542,24.193054646253586,S,1,8th,204.78026864284197,TRUE
95.84126086075757,38.79332519881427,R,1,8th,175.1304284633328,TRUE
107.1002099321955,20.985900251194835,S,1,8th,178.33309257134195,TRUE
119.93526631776606,16.562325600534678,R,0,HS,213.46730161797348,TRUE
99.23197465823621,23.953594842925668,R,1,8th,140.86930836097784,FALSE
117.98687679259362,31.48305656760931,R,0,HS,148.22683060958988,FALSE
110.31680389052799,26.562754968181252,U,0,HS,142.88281488675153,FALSE
111.82408022279856,37.7612379360944,S,1,8th,197.78036696535565,TRUE
92.80947882373601,38.22680166736245,S,1,8th,173.8357821773137,TRUE
110.22775608039495,33.04722359031439,S,1,8th,165.4709632169217,TRUE
119.50682277086625,31.984570695087314,U,0,HS,151.88627802750176,FALSE
111.10993256553104,38.073935478925705,R,1,8th,186.75113454178287,TRUE
122.20418491187606,25.06797493249178,R,1,8th,159.32157451814538,TRUE
110.78065967494865,32.83472959883511,S,1,8th,162.77677743226113,TRUE
120.92072568467329,37.17641690559685,R,1,8th,179.29050107604934,TRUE
99.83985445972003,24.785615537315607,U,0,HS,147.80430625100442,FALSE
118.33196490812814,25.23659017495811,S,1,8th,166.07796612593972,TRUE
102.57798176313769,38.84674436971545,U,1,8th,198.82209244323093,TRUE
107.92993347822726,30.52530742622912,U,0,HS,156.6335309884616,TRUE
103.46339748299776,23.95501371473074,U,0,HS,149.5762179032494,FALSE
112.1340159094702,32.685191825032234,R,1,8th,151.45335564916434,FALSE
107.93072702907,34.14853309094906,S,1,8th,175.76683802192798,TRUE
101.49107471830352,24.867668328806758,R,1,8th,140.05452529316216,FALSE
101.41043478273154,35.88879058882594,S,1,8th,174.48284072396348,TRUE
86.123856317408,39.437385899946094,R,0,HS,122.79777449890383,FALSE
118.85028269541444,38.35368391126394,S,1,8th,203.99736620021264,TRUE
118.35279095323006,37.17890006676316,S,1,8th,182.5682354942725,TRUE
115.19204609297124,23.62124482728541,S,1,8th,168.4877448484774,TRUE
124.63440562199342,37.51763205230236,R,1,8th,197.68176366962265,TRUE
103.66173627818667,27.14541234448552,S,0,HS,149.5262693840988,FALSE
119.86224329412407,38.30432072095573,U,1,8th,200.7617713937952,TRUE
109.90550620809397,37.05873553827405,U,1,8th,185.11390741071284,TRUE
106.11629741909886,35.55994768999517,R,1,8th,171.75268588198213,TRUE
102.81043122476835,33.190060099586844,S,1,8th,167.43892163465316,TRUE
114.65954260808799,26.611214846372604,R,1,8th,151.71858216773126,FALSE
116.5871736758236,19.255031038075686,U,0,HS,172.7267224065308,TRUE
108.88343999672806,32.80986691266298,S,1,8th,162.33680334204544,TRUE
118.84921032126302,24.898719027638435,S,1,8th,167.43010294900955,TRUE
104.00068564519015,19.2597261890769,S,0,HS,177.523172179454,TRUE
127.18223634044732,39.7655590120703,U,1,8th,230.83229108316183,TRUE
113.25514390076158,37.430893989279866,R,1,8th,180.42106553254388,TRUE
114.82577639042317,30.846787996590137,U,0,HS,153.52454040038552,FALSE
111.04178820985884,32.569599110633135,R,1,8th,146.3255693824546,FALSE
114.46150433438724,33.991107270121574,R,1,8th,159.32612060438245,TRUE
101.49165699505855,22.704789204522967,S,0,HS,156.95787958444248,TRUE
116.662210398121,36.31678007543087,R,1,8th,171.91724883522042,TRUE
95.91174863880184,32.290795877575874,S,1,8th,149.5761796272591,FALSE
130.6672620076136,23.675275256857276,U,1,8th,197.09099075972313,TRUE
105.6977360891826,21.80684801004827,R,1,8th,162.87299438214495,TRUE
115.91310719628912,21.479318080469966,U,1,8th,172.00061461973777,TRUE
110.01141007553836,18.909724857658148,U,0,HS,180.48312105525002,TRUE
110.49325695157602,30.103750742971897,S,1,8th,152.34102835418022,FALSE
127.32542060446166,38.45572306588292,U,1,8th,203.28351655697512,TRUE
100.020272660015,26.70989167317748,S,1,8th,154.82140056333418,FALSE
93.6937466038967,24.695856569334865,U,1,8th,129.70693575321764,FALSE
108.95316246857018,28.201383700594306,U,1,8th,154.62759508135898,FALSE
116.95122403386499,20.237439392134547,R,0,HS,162.0903510077997,TRUE
116.00004106028568,34.32928730733693,U,1,8th,174.1192014567424,TRUE
97.47443826274588,35.1941266451031,S,1,8th,168.51867491000488,TRUE
104.04490210865382,34.133548924699426,U,0,HS,151.75684474044763,FALSE
126.01199857630169,32.31751312687993,S,1,8th,175.704308923745,TRUE
117.07853992609843,16.838430805131793,U,0,HS,201.20950304523214,TRUE
116.814897208138,16.606278512626886,R,0,HS,199.48317741130856,TRUE
119.85023461932516,18.737336546182632,S,1,8th,205.90171034613172,TRUE
89.02561553403704,36.639424216002226,U,1,8th,138.44755054759884,FALSE
100.53759477470771,21.038248052820563,S,0,HS,162.56584870368232,TRUE
113.92085358087692,22.941270096227527,U,1,8th,167.7776785349139,TRUE
113.95296606354623,20.027775209397078,U,0,HS,173.4582157768474,TRUE
108.23179092375187,35.960991598665714,S,1,8th,182.654695820181,TRUE
97.20783932531728,23.56884873472154,S,0,HS,144.71902469829473,FALSE
94.03966540927692,22.647022848948836,R,0,HS,127.37240972805695,FALSE
97.23951033121489,35.76099471747875,S,0,HS,169.7436420669294,TRUE
106.4257978126146,24.828496085479856,R,1,8th,145.9952657947292,FALSE
105.33636640280596,31.18498264066875,U,1,8th,159.86291406838043,TRUE
113.72861370914819,25.997618848457932,R,0,HS,143.71611899654718,FALSE
107.34413131212123,25.662007328122854,R,0,HS,143.1962529668602,FALSE
98.15131615384624,38.61039671115577,U,1,8th,188.3984360693993,TRUE
96.60856182355013,18.22557705640793,U,0,HS,163.48531491624803,TRUE
124.96408246694835,29.732281496748328,R,1,8th,158.89482825696228,TRUE
88.17013823682669,31.873961022123694,U,0,HS,99.97303511797516,FALSE
108.18637524280803,32.53651136904955,U,1,8th,168.5535106096538,TRUE
126.9966254765855,36.909575497731566,S,1,8th,211.7669207864911,TRUE
99.91956263632665,35.6972601339221,R,1,8th,156.60171666955108,FALSE
118.06911114423374,31.540752800181508,U,1,8th,157.24425589252724,FALSE
109.85788900962366,32.14562314748764,U,0,HS,155.11060293467182,TRUE
107.66754602670456,30.125889444723725,U,1,8th,157.03964508914103,FALSE
112.61368467415738,29.437835939228535,U,0,HS,154.32149305362205,FALSE
118.45224005192901,35.39349812455475,U,1,8th,177.30626810485342,TRUE
109.55348042798677,32.37586275115609,U,1,8th,155.20436777352532,FALSE
110.02453320451805,34.118750685825944,U,1,8th,166.6773928070748,TRUE
123.7904313539798,30.93610410951078,U,1,8th,170.66570250268038,TRUE
123.10714335247522,32.65405724570155,U,1,8th,170.65023632214348,TRUE
111.78713443612345,21.758387176319957,S,0,HS,169.68860118315146,TRUE
95.01044641263883,18.241799671202898,R,0,HS,156.83529841566425,TRUE
102.75687844390869,33.27823879942298,U,1,8th,157.30788583923334,FALSE
121.29811783639123,28.78706569224596,R,1,8th,150.10847497964372,FALSE
107.69982447243902,16.422568010166287,S,0,HS,212.25659437694728,TRUE
96.21311357598822,26.73368595726788,S,1,8th,136.22337053562953,FALSE
106.60792919901871,31.656903944909573,S,1,8th,157.35145330391947,FALSE
98.08177214023345,17.830168552696705,U,0,HS,168.0394218612575,TRUE
110.27507417333769,33.92562779225409,S,1,8th,170.806348286524,TRUE
101.44669679683909,30.166831213980913,U,0,HS,136.09622526018262,FALSE
120.87577719685103,20.66134810447693,R,1,8th,179.66898600347764,TRUE
107.71829862947277,20.430811608210206,S,1,8th,181.69019842671278,TRUE
117.59932468506942,30.582217710092664,U,1,8th,157.07252701940556,FALSE
104.66270706128397,31.355753015726805,U,1,8th,156.43629865557796,FALSE
114.82718615141827,28.40525795519352,U,0,HS,148.19066834761716,FALSE
112.13014252664576,31.940320482477546,U,1,8th,167.21722196635585,TRUE
116.4542348491839,18.85139425471425,S,0,HS,192.8914038469369,TRUE
112.05854181700694,18.122172959148884,U,0,HS,192.45485576855015,TRUE
93.83651668966026,36.19386298581958,S,1,8th,156.32299157536318,FALSE
117.67397020517355,39.677047561854124,S,1,8th,217.90003044812082,TRUE
106.56900294912202,33.01600784622133,R,1,8th,162.58141042528985,TRUE
119.14887808072726,26.479795522987843,U,0,HS,153.7381170217585,FALSE
101.7405402756639,22.52977528423071,R,0,HS,150.73390076976958,FALSE
116.725430131304,35.12588416226208,R,1,8th,161.02866892764646,TRUE
109.38149116790433,23.488705664873123,R,1,8th,153.14500663888919,FALSE
133.6111200229395,23.016259379684925,U,1,8th,224.6773947903808,TRUE
95.7244480679842,32.36470410786569,U,0,HS,134.94606380632294,FALSE
123.66672779516645,29.473008394241333,R,1,8th,158.3151044101612,FALSE
115.76962570417817,33.59405774064362,R,1,8th,152.22062694793135,FALSE
125.54672671354783,38.85421998240054,U,1,8th,218.16509634912117,TRUE
104.39783946963067,35.38021253980696,S,1,8th,175.0644658472879,TRUE
121.66367897639843,21.6959920655936,U,1,8th,180.27281122366895,TRUE
119.17466725449577,27.842791091650724,S,1,8th,161.3241470372004,TRUE
112.30331307948785,22.842257736250758,S,0,HS,163.1513104508345,TRUE
124.45459550235572,39.24203302897513,R,1,8th,208.85843409296157,TRUE
103.38244738769725,30.179417407140136,R,0,HS,139.1096681087509,FALSE
116.74282324212786,32.628920091316104,R,1,8th,153.0380842003619,FALSE
114.08612188402614,30.89851757697761,S,1,8th,163.00328818154352,TRUE
98.29287097984566,37.95571808889508,U,1,8th,183.5696194166122,TRUE
96.45989823146624,33.79769330099225,R,1,8th,140.50652695989615,FALSE
112.91558897551262,33.00145551003516,U,1,8th,158.40901812560185,FALSE
109.73579182943706,28.39645084924996,U,1,8th,160.04299151421745,TRUE
115.7254522589489,24.04342097789049,R,1,8th,153.0132547236561,FALSE
115.60786041477024,37.88177764415741,S,1,8th,196.4977114240272,TRUE
120.94057804915361,30.97222850844264,U,1,8th,162.59631682446346,TRUE
105.76516408893167,34.9797086995095,R,1,8th,158.8559037814729,TRUE
94.52424594228759,29.45767860300839,U,1,8th,135.33994350086238,FALSE
107.18041921243498,18.531437726691365,U,0,HS,180.76985035757443,TRUE
119.39082805615348,31.4926625918597,U,1,8th,168.41902606703067,TRUE
121.89086662235141,31.525577219203115,S,1,8th,172.21980244461363,TRUE
125.91043903362966,26.62235913425684,U,1,8th,181.03563945358692,TRUE
92.80253664058843,19.07130673341453,U,0,HS,148.448174805037,FALSE
120.16818102429754,28.17211258597672,U,1,8th,167.56052639626458,TRUE
121.10464223169251,16.749194230884314,U,0,HS,213.69820061530342,TRUE
99.46246929090908,36.93723658286035,U,1,8th,183.37171351220124,TRUE
107.65261277011301,23.95620264299214,U,0,HS,152.27813771554392,FALSE
99.7739777571082,33.46714434400201,U,1,8th,160.08157873641508,TRUE
115.1079120440457,21.668376142159104,R,1,8th,162.7970897719132,TRUE
102.87868548715973,22.438823342323303,S,0,HS,169.46268162408646,TRUE
97.87416670088541,31.005170181393623,R,1,8th,135.37257306248915,FALSE
110.45402252630964,20.4922299310565,U,0,HS,168.2841527875919,TRUE
108.96533636202406,19.197551852092147,R,0,HS,168.34133495401267,TRUE
104.94794717551201,35.48043470457196,S,1,8th,172.19025428698072,TRUE
129.79957374734883,19.461635848507285,R,1,8th,212.51429267309626,TRUE
125.67705050217702,30.444180332124233,R,1,8th,157.65852586370127,FALSE
99.78025875413927,29.667701637372375,U,1,8th,145.09258798624936,FALSE
119.1423588820218,38.51286536641419,S,1,8th,208.67507677725143,TRUE
108.76236409013497,30.72073515318334,R,1,8th,154.42345093039165,FALSE
100.59191410024033,21.352780763059855,U,0,HS,150.33197697649555,FALSE
115.4656949621253,17.89278081059456,S,1,8th,203.40774318526016,TRUE
92.49219597516714,25.039182625710964,U,1,8th,128.9966184277452,FALSE
111.38248141984245,39.45304285362363,S,1,8th,202.76313861165943,TRUE
111.36067960921486,23.854416834190488,S,1,8th,171.97383364699363,TRUE
99.36117116838545,20.531006766483188,U,0,HS,160.33940732583923,TRUE
120.86185195118786,39.324233962222934,U,1,8th,205.08696977888556,TRUE
105.78573533756563,28.921503333374858,S,0,HS,146.72305863756938,FALSE
121.65015620517761,21.809084134176373,U,0,HS,162.85706813312441,TRUE
102.15229754385207,21.510575510561466,S,1,8th,171.4196580276078,TRUE
111.30002272616959,26.8650288823992,U,0,HS,145.66904268620107,FALSE
97.14814089416392,31.75545208156109,S,0,HS,143.0198030806846,FALSE
112.97523599399577,18.356313349679112,S,0,HS,197.45318323808843,TRUE
116.94988548931593,20.40558237582445,U,1,8th,181.60846429793386,TRUE
117.86271457726055,18.480510054156184,U,0,HS,182.41217921567886,TRUE
110.6367547055605,23.14263340085745,U,1,8th,161.5662026647408,TRUE
107.15684321161766,21.204396344721317,U,1,8th,171.92177092803405,TRUE
126.25632713990927,22.90260085090995,U,0,HS,174.0907637920346,TRUE
113.61833261472087,17.111055955290794,R,0,HS,189.76546747333214,TRUE
101.70919669097292,19.09960916824639,S,0,HS,178.1212524956192,TRUE
126.54088524111896,34.560444220900536,S,1,8th,192.7114546026786,TRUE
109.45770209012353,36.9281648658216,S,1,8th,185.27094040218108,TRUE
120.29554349107352,33.747696125879884,R,1,8th,156.28619226880784,FALSE
100.5564228175415,39.833688562735915,U,1,8th,193.33850411189457,TRUE
130.16056494075093,23.808506462723017,U,1,8th,194.39256056689644,TRUE
111.51968715467973,32.101543478667736,S,1,8th,162.563941083895,TRUE
105.81753924993694,36.54469766281545,U,1,8th,178.1105439813634,TRUE
110.0185284428555,23.5853509362787,S,0,HS,165.16780587451262,TRUE
125.72149582573834,30.697008276358247,S,0,HS,170.76928213782367,TRUE
108.29306146496462,18.46685233525932,R,0,HS,178.60301983951172,TRUE
91.46750647223081,20.506912130862474,R,0,HS,126.19020465755496,FALSE
102.70746172214967,27.679579477757215,R,0,HS,129.32210427881762,FALSE
104.21444869198997,17.220848202705383,S,0,HS,196.55137392276927,TRUE
105.20653098593617,18.35672544874251,U,0,HS,181.5469770210223,TRUE
102.00053624626818,18.402245005592704,U,0,HS,173.6959864544615,TRUE
116.86251423595326,32.4451489597559,R,1,8th,149.08456302789688,FALSE
110.2544977019821,36.2923824172467,R,1,8th,170.43064156902378,TRUE
114.19654552765176,28.758456943556666,U,0,HS,150.45670992944056,FALSE
124.94897128101732,29.357480343431234,U,1,8th,172.59857378308115,TRUE
120.19443771367273,23.265179965645075,U,0,HS,166.09029452635264,TRUE
118.28420499851825,30.912339754402637,U,1,8th,163.96345779308405,TRUE
113.55635899066489,22.082095751538873,U,1,8th,179.21846683478904,TRUE
113.07341062038991,24.777933361008763,S,0,HS,157.48437494408628,TRUE
107.95060274782647,24.850905438885093,U,0,HS,143.77323375941145,FALSE
101.2697851210338,33.28247866779566,U,1,8th,159.0156248954121,TRUE
115.54065794086449,30.820399837568402,S,1,8th,154.05995545159536,FALSE
125.81920582024244,28.56694678403437,U,1,8th,180.02511757733217,TRUE
113.30176910525046,18.777373829856515,U,0,HS,184.66303310176778,TRUE
101.65972587181292,33.87348061427474,R,1,8th,150.96972917038346,FALSE
102.71847105706894,25.743866408243775,U,1,8th,160.30198096716734,TRUE
103.59557281533031,23.1609081402421,U,0,HS,154.1820523945997,FALSE
121.99078040361576,19.00203837826848,S,1,8th,206.7121275722876,TRUE
114.09487688918237,30.794435752555728,S,1,8th,159.05730203369268,TRUE
96.21215339211457,18.39626533910632,U,0,HS,166.17609245244603,TRUE
109.39139640034655,20.627758828923106,R,0,HS,171.90968758427567,TRUE
100.66694602374689,37.364481097087264,S,1,8th,176.9443209139276,TRUE
90.3033560513952,37.377472180873156,R,1,8th,138.44057979085952,FALSE
121.52306821209416,35.19349286146462,S,1,8th,182.38036400072465,TRUE
116.91651874191982,35.79264706373215,U,1,8th,185.10460622949478,TRUE
110.05402435578198,39.78699836693704,U,1,8th,215.28975576137316,TRUE
123.2711456872589,24.98075977154076,U,1,8th,168.50256974148337,TRUE
107.95818960571592,26.15600160881877,S,1,8th,156.10176301252122,FALSE
114.06183344602857,20.83973816037178,U,1,8th,176.88524971579992,TRUE
113.00578177968247,24.11347779072821,S,0,HS,158.26592583324683,TRUE
113.61628761703436,19.915808925405145,U,0,HS,171.70634169723965,TRUE
98.42953199461843,39.913197848945856,R,1,8th,194.96710125385002,TRUE
106.80539479664668,30.933054426684976,S,1,8th,157.6762393775588,FALSE
112.93280209014353,22.637751961126924,R,0,HS,152.66023636145775,FALSE
108.88767629145165,39.130123652517796,S,1,8th,207.02030062052057,TRUE
126.98688660739766,21.705338530242443,S,1,8th,204.1158675120584,TRUE
124.17399245162711,28.560498021543026,S,1,8th,173.79391056753133,TRUE
118.66903641999687,27.521621176972985,S,1,8th,164.00579076623453,TRUE
107.49622336762448,32.679767437279224,S,1,8th,157.6169924715756,FALSE
129.84932735532044,22.37022521533072,U,1,8th,205.73775138301005,TRUE
118.35613511334618,36.932768531143665,U,1,8th,192.44777605355404,TRUE
115.93456843765705,29.35611261241138,R,0,HS,140.37171609820018,FALSE
117.93274483301299,26.231163319200277,S,1,8th,161.2433500355776,TRUE
117.19969612036604,29.868806706741452,S,1,8th,157.00728642187502,FALSE
105.13779830716902,37.83711789175868,S,1,8th,179.1805075807066,TRUE
103.2140786167161,28.314326470717788,S,0,HS,141.86295740547237,FALSE
125.32761848454814,16.190888546407223,R,1,8th,227.8041985345175,TRUE
111.9817745659358,18.296847267076373,R,0,HS,182.83964967199296,TRUE
110.19875122012365,27.02259653620422,S,1,8th,158.63187280666952,TRUE
113.62748068276062,37.0465968772769,U,1,8th,184.6808974765781,TRUE
117.2427487583678,35.86253538355231,S,1,8th,190.21958285079884,TRUE
114.21356403468201,33.86451167613268,U,1,8th,164.0062842071424,TRUE
117.37854214723573,22.944575142115355,U,0,HS,157.127612081405,TRUE
102.12007924876444,38.42098526842892,U,1,8th,192.2974274770334,TRUE
119.42065128570582,33.8468764256686,S,1,8th,168.49952371528676,TRUE
109.65955938157988,36.96463032439351,U,1,8th,178.10322598866207,TRUE
103.05207625755824,36.39033045433462,R,1,8th,165.03474530699648,TRUE
111.11211598009817,36.19012966379523,U,1,8th,180.99561206889715,TRUE
111.25944090387158,21.10293433442712,U,0,HS,169.15976825067713,TRUE
91.8592824215076,33.082247227430344,S,0,HS,128.68224319712567,FALSE
118.36148604121068,38.19216578826308,R,1,8th,183.66022640370696,TRUE
114.47143997307784,37.61133571714163,R,1,8th,179.91323518995108,TRUE
113.88543888292409,22.48850109986961,U,0,HS,158.41380763068344,TRUE
109.87117766563428,25.274505389854312,S,1,8th,155.53182373289218,FALSE
101.34054797400297,17.23525761626661,U,0,HS,187.931151769229,TRUE
98.48412221787542,31.625619469210505,R,0,HS,130.8650822217791,FALSE
108.85712261043999,33.296234264969826,U,1,8th,173.2917450447423,TRUE
104.9209120171843,28.869840009137988,U,1,8th,151.9826651565722,FALSE
114.50361983154775,23.014564536511898,U,1,8th,167.1777525870238,TRUE
111.1671042479631,16.534037426114082,U,0,HS,200.9461044839502,TRUE
128.2721276396629,27.314336761832237,U,1,8th,180.9456302305001,TRUE
98.7989549996322,34.28444775752723,U,0,HS,155.1482200920267,TRUE
109.21580478486736,27.952894240617752,S,1,8th,155.23134533017586,FALSE
102.95378897309827,33.43443080969155,S,0,HS,160.65967995950558,TRUE
111.36684650068773,20.663694076240063,S,1,8th,179.3371939356184,TRUE
125.97880648983805,31.374652855098248,U,1,8th,181.81637418269005,TRUE
108.35599947434169,37.640445144847035,S,1,8th,193.12784508068904,TRUE
122.49908778750941,30.342562334612012,U,1,8th,167.63444205058207,TRUE
111.66666428158432,37.270284520462155,R,1,8th,171.2930373753776,TRUE
111.31957697818906,37.25108990073204,R,1,8th,181.97265336825663,TRUE
121.25410358659302,22.907423390075564,U,0,HS,169.03566147481337,TRUE
123.5908984103354,39.414627177640796,U,1,8th,219.1353211523125,TRUE
91.25283221122069,35.169446025043726,U,1,8th,138.96240156134684,FALSE
106.20847315212328,31.916947769001126,U,0,HS,150.82894241623097,FALSE
124.49173745964276,18.679700585082173,U,0,HS,205.65712143577804,TRUE
102.94721285828336,25.843626406043768,U,0,HS,135.08730358511107,FALSE
116.1247060882676,23.25703383423388,U,1,8th,166.27744707130412,TRUE
125.69377217989927,38.92501762136817,S,1,8th,219.07406176014055,TRUE
121.3246758846669,23.787499686703086,S,1,8th,176.10252693241617,TRUE
115.8866856301984,34.67971792072058,U,1,8th,172.23665315714098,TRUE
97.27970663247444,31.255960378795862,S,1,8th,143.3764425201327,FALSE
110.99281493543108,21.40620735473931,U,0,HS,163.98706399911828,TRUE
104.91245102720447,18.35597267560661,R,0,HS,179.5310862005573,TRUE
94.42360923519759,32.42232887074351,U,0,HS,125.55635398989261,FALSE
106.49553878155237,16.179212633520365,R,0,HS,197.06494989549148,TRUE
119.45072322297636,17.58605839125812,S,0,HS,208.123724076172,TRUE
106.3739912616824,33.19201450236142,U,1,8th,162.5402529924634,TRUE
98.58967705174584,22.353461492806673,U,0,HS,143.3409941989519,FALSE
115.63349515746013,29.89135151170194,U,1,8th,146.48655983676616,FALSE
102.89398927415405,22.53693863749504,S,0,HS,160.30645940261752,TRUE
106.2660813898918,20.9931850861758,U,0,HS,165.54064662250454,TRUE
111.87875666112468,16.649843599647284,S,0,HS,206.44571127049255,TRUE
110.96288564502537,25.195494318380952,S,1,8th,154.23689448998172,FALSE
99.73529359455578,37.55781489610672,R,0,HS,169.28684527518755,TRUE
100.31196852150714,27.971954341977835,R,0,HS,137.19331990698856,FALSE
113.90038075793879,19.543715104460716,R,0,HS,176.5275862480267,TRUE
97.55791147687866,16.321712978184223,S,0,HS,193.996100556903,TRUE
91.23912622809624,21.916812477633357,S,0,HS,131.47593846183307,FALSE
116.90791939093945,20.27579591423273,S,1,8th,183.40190851930547,TRUE
97.42334831945553,31.916788244619966,U,0,HS,134.9082441937428,FALSE
104.68954699571552,39.07554385624826,U,1,8th,195.45247164321722,TRUE
94.00583162331631,25.42246147058904,R,1,8th,122.06173697030987,FALSE
92.49809904753124,16.95253962650895,S,0,HS,163.63650425519342,TRUE
118.97356761879412,27.444970410317183,S,1,8th,175.0280212656038,TRUE
100.04049780798935,18.103186786174774,R,0,HS,169.83192768594213,TRUE
101.09318689277067,30.022182492539287,R,0,HS,135.3866825143395,FALSE
124.63093548733869,39.46242439374328,S,1,8th,219.79793450393043,TRUE
107.86496568346753,33.92004018649459,S,1,8th,167.3041178136653,TRUE
119.85050889408825,27.604695023968816,U,1,8th,160.75132033216568,TRUE
96.81729582868746,39.43229407817125,S,1,8th,199.6685065595868,TRUE
110.68523052555592,38.49516396597028,S,1,8th,196.9718702827945,TRUE
112.57200844832263,35.13970664143562,S,1,8th,170.8071359895582,TRUE
110.00159235222642,23.871397776529193,U,0,HS,147.72862264494046,FALSE
117.25933309051187,36.178820883855224,S,1,8th,178.96396902942143,TRUE
122.54592370191975,29.724442752078176,S,1,8th,160.9512480538814,TRUE
97.02831348678244,33.395154139027,U,1,8th,154.85249244955358,FALSE
113.49676482167516,37.35302375629544,S,1,8th,188.68882892012402,TRUE
88.11024528727081,17.680073326453567,R,0,HS,126.65376611441694,FALSE
112.9730755774668,36.01616805791855,U,1,8th,177.3488578942943,TRUE
101.62845049763291,25.01388362236321,R,0,HS,129.75838234489652,FALSE
122.63824776094953,28.574735935777426,S,1,8th,168.26953462498867,TRUE
113.22949144900245,36.004924377426505,R,1,8th,166.02654226748894,TRUE
113.00007329304835,34.96963891014457,S,1,8th,178.17136863958652,TRUE
120.2721052933838,37.82398182339966,U,1,8th,200.94980506635025,TRUE
101.44462721013979,22.20506269671023,S,0,HS,159.24166726920788,TRUE
113.07137177903378,33.349927267059684,R,1,8th,153.42674846337687,FALSE
114.06410439122934,26.235854664817452,S,0,HS,153.07883012629733,FALSE
128.1850694235701,34.83109686896205,S,1,8th,202.62861268985944,TRUE
79.8497041788217,16.82418117299676,R,0,HS,51.60053873047868,FALSE
97.60818216519318,30.607589557766914,U,1,8th,147.61146755344714,FALSE
106.55318492895562,22.57737717963755,U,0,HS,162.53545343761317,TRUE
114.45643722469916,27.387316796928644,U,0,HS,149.6988292275672,FALSE
109.75427494189105,19.454835023730993,S,0,HS,185.8097767299129,TRUE
104.19988273317578,20.11497061699629,U,0,HS,168.81979081917575,TRUE
118.0888729595057,29.393593722954392,S,0,HS,161.75257886945346,TRUE
119.98331349307131,39.92160436138511,S,1,8th,221.1221949170559,TRUE
98.2726248357277,36.10498721897602,U,1,8th,169.03806171239788,TRUE
108.29442901695677,33.970053751021624,R,1,8th,155.78326785194548,FALSE
115.97285983385183,35.36976177059114,R,1,8th,169.67347765413024,TRUE
110.9105453878285,22.805365163832903,U,0,HS,159.9783871334081,TRUE
101.05575164231915,16.09092570655048,S,0,HS,204.59209240174889,TRUE
99.72037730313866,20.680222898721695,S,0,HS,167.95231311191307,TRUE
94.88492298468944,37.97408867254853,U,1,8th,177.2047879455593,TRUE
115.83321012860333,37.54919249378145,S,1,8th,189.25159367065191,TRUE
105.23994729403339,25.770603589713573,U,0,HS,139.41336218803207,FALSE
123.88325158824799,16.75838898308575,S,1,8th,222.7699623702695,TRUE
115.34244508349971,34.39480751007795,U,1,8th,168.23716286551723,TRUE
109.11179906991457,33.617715422064066,U,1,8th,167.3045299826352,TRUE
108.10759246327842,20.116993248462677,R,0,HS,170.43966291455422,TRUE
113.55453526093616,34.033177902922034,S,1,8th,172.75425139447398,TRUE
108.15060542715668,20.714686250314116,S,0,HS,174.65235059336638,TRUE
130.90389753242454,21.698969770222902,S,1,8th,212.54615344658563,TRUE
113.97418792284806,39.632006326690316,U,1,8th,208.04163530481338,TRUE
106.91507366240127,19.976941352710128,S,0,HS,182.38463321554218,TRUE
90.12104211989092,24.208208244293928,S,0,HS,108.8015630053734,FALSE
94.04096586637186,18.58595988340676,U,0,HS,154.5922047033244,FALSE
97.0955234577916,24.50148056447506,R,0,HS,130.2426975135064,FALSE
100.46792751757042,27.483629044145346,U,0,HS,138.60677275390447,FALSE
99.99714275176639,35.890367766842246,R,0,HS,150.42878526519803,FALSE
91.76372245061899,24.020872646942735,S,0,HS,121.29195627405011,FALSE
104.02006798840061,38.00523352250457,U,1,8th,180.90923454301165,TRUE
112.82816487609094,37.824015345424414,S,1,8th,190.47882356381322,TRUE
103.19227694267934,29.91526817716658,S,0,HS,151.64570263692463,FALSE
98.96516558866607,19.455466644838452,U,0,HS,163.29955888268333,TRUE
113.06890551015928,18.08235152065754,U,0,HS,189.13534983025016,TRUE
103.08729331229031,38.872214537113905,R,1,8th,184.97060854627628,TRUE
104.48475777875366,28.107052544131875,R,0,HS,141.39064260502022,FALSE
115.69757961090177,24.2365545835346,S,1,8th,166.59743491152048,TRUE
100.57009952182607,21.22393861785531,U,0,HS,149.76906390247467,FALSE
120.92025490265866,27.29103627242148,R,1,8th,160.9725429947524,TRUE
100.04806514002055,24.19108882173896,U,1,8th,150.46239980008195,FALSE
104.39965187794708,36.1216590590775,S,1,8th,180.6514322787481,TRUE
114.61437884639936,22.41757231205702,S,1,8th,175.6137727187907,TRUE
123.94019083066007,20.44213454797864,U,1,8th,194.97631816241417,TRUE
129.30515221122968,18.764887247234583,R,0,HS,212.70068735297758,TRUE
112.26787185050712,37.265402637422085,U,1,8th,185.91122371928728,TRUE
111.54759864740858,16.500324606895447,U,0,HS,201.9432122832214,TRUE
116.62049476292931,18.188095096498728,U,0,HS,186.53375808348315,TRUE
107.04481432978346,39.865771286189556,S,1,8th,206.95869071271656,TRUE
107.35913373293403,16.86751562356949,U,0,HS,196.31528407887458,TRUE
107.13489878541967,16.941852241754532,U,1,8th,202.84270490737546,TRUE
110.68278241554238,18.694185374304652,S,0,HS,188.5550363966781,TRUE
123.87652167703877,22.981908328831196,R,1,8th,172.86426895507844,TRUE
103.40124519055276,36.15355400554836,S,1,8th,183.28106290205065,TRUE
120.8195269721556,18.141319036483765,R,0,HS,191.23319869186346,TRUE
97.41836539295036,36.709910126402974,U,1,8th,171.90540957540915,TRUE
87.1076200889502,22.72306482680142,U,0,HS,97.25128235334995,FALSE
105.12223712970803,26.013841608539224,U,0,HS,141.62494836052832,FALSE
114.0515418280911,28.895709797739983,R,1,8th,148.6234194354895,FALSE
96.5649131101742,27.940964138135314,S,1,8th,142.3604296627938,FALSE
93.95341545120169,25.83986065723002,R,0,HS,119.84365592859264,FALSE
101.16847057671646,39.92077272571623,S,0,HS,199.56120885816495,TRUE
97.92513353338182,18.572626169770956,U,0,HS,168.39995592370414,TRUE
108.03992471558537,36.12516978569329,U,1,8th,177.50055546810987,TRUE
94.58890183852246,26.75711545534432,U,0,HS,127.2864218151392,FALSE
117.44299957302384,16.040123723447323,S,0,HS,214.56535438051213,TRUE
139.0738047346219,35.03114994801581,S,1,8th,280.02649190513966,TRUE
125.4550358161867,24.024628024548292,U,1,8th,184.3464873352665,TRUE
108.69298126521954,25.495017889887094,U,1,8th,152.10812364792045,FALSE
97.39207138165307,35.869473453611135,R,1,8th,152.7475119542803,FALSE
108.56436463340714,28.678197376430035,S,1,8th,155.39052561434872,FALSE
101.51628280059721,32.53064015880227,R,1,8th,150.79431427226268,FALSE
119.35495246047189,36.260395688936114,R,1,8th,170.64856002696777,TRUE
109.60717915915141,34.79974435456097,R,1,8th,161.00813720084537,TRUE
105.10904117416803,37.86480184830725,S,1,8th,200.78880160878506,TRUE
105.88736686959366,39.33302171714604,U,1,8th,195.14309686916735,TRUE
104.13440330064388,33.496210135519505,U,1,8th,164.66505007247693,TRUE
102.39771905132783,32.10445811226964,S,1,8th,152.45771515136389,FALSE
109.20106539816561,20.018061120063066,U,0,HS,164.50099849502354,TRUE
114.24304851225766,18.070974299684167,U,0,HS,184.64690379481019,TRUE
110.98090404732287,21.16197886876762,S,1,8th,176.33749654836944,TRUE
118.63187457507402,18.651522738859057,U,1,8th,198.45331766169508,TRUE
108.70627701020275,37.00638761930168,S,1,8th,184.94748777044674,TRUE
120.41307750328788,24.55445040948689,S,1,8th,172.3216431464382,TRUE
105.40631406088352,38.4614023193717,U,1,8th,193.45497533839634,TRUE
114.78476141872042,26.36148507706821,U,0,HS,144.15532751199564,FALSE
101.3240061548284,37.15473821386695,U,1,8th,181.65477635359576,TRUE
101.58270258753667,18.505450731143355,R,0,HS,169.41264222088319,TRUE
101.05868901693704,28.10613627359271,U,1,8th,146.69897395586352,FALSE
102.41303548423426,26.689627109095454,U,0,HS,139.68518157464194,FALSE
111.21094951665636,35.50272252596915,U,1,8th,174.8910212886266,TRUE
101.8295421528848,37.55757165327668,R,1,8th,173.25816149874376,TRUE
97.3577060838602,26.085728347301483,U,1,8th,142.3235158018075,FALSE
108.59138257141754,34.703403636813164,R,1,8th,156.75162411686975,FALSE
97.4437871996849,36.744935216382146,R,1,8th,160.86407790960598,TRUE
120.49199542245131,32.94231612049043,U,1,8th,176.94326826774915,TRUE
121.76103922457621,18.27694478444755,U,0,HS,189.81678358877073,TRUE
120.24650367738974,16.173547595739365,U,0,HS,209.59378802938787,TRUE
106.33544262829363,34.108077086508274,U,1,8th,163.86717814991553,TRUE
107.90804849907374,17.97737457603216,S,0,HS,191.3734265331835,TRUE
96.84016338215456,25.9309403616935,U,0,HS,133.341681552761,FALSE
97.5556739564677,27.051005700603127,U,0,HS,124.0578095957473,FALSE
111.63187718911018,20.418745830655098,R,0,HS,166.1521343841793,TRUE
92.83033094889423,16.44357723928988,R,0,HS,157.25751997941023,TRUE
119.61461037246079,29.916987467557192,S,1,8th,167.8888690530011,TRUE
92.98996018704904,37.05549250729382,S,1,8th,158.6313985037801,TRUE
132.50272522627245,38.79020339809358,S,1,8th,248.33689645726713,TRUE
106.47692649371426,24.73613015562296,R,1,8th,144.4156734097703,FALSE
98.59220486086755,36.40764527581632,S,1,8th,177.3314511870436,TRUE
110.7894708944788,16.442317282781005,R,0,HS,198.48383772833074,TRUE
102.7073640695524,16.09101484529674,U,0,HS,199.00014616968053,TRUE
104.55413736533826,21.82587352208793,R,0,HS,150.32309607490956,FALSE
132.76062159342467,36.784867687150836,U,1,8th,239.50804044466963,TRUE
103.14606065781989,17.873055912554264,S,1,8th,192.46918036636657,TRUE
118.31360055659411,31.385344207286835,U,1,8th,165.33493943784393,TRUE
107.29115568955895,25.71250069513917,U,0,HS,147.53557918435052,FALSE
99.64573762377292,22.074703035876155,S,0,HS,154.3957909207568,FALSE
119.0108666250448,20.757734498009086,R,1,8th,172.24341400859603,TRUE
107.11288455953037,36.89745564572513,S,1,8th,191.68742960150644,TRUE
108.14379299671353,24.034461243078113,R,0,HS,145.9482135111162,FALSE
104.28436435094612,19.891744447872043,R,1,8th,171.62269601267292,TRUE
132.4852070745216,23.380508437752724,S,0,HS,210.62852554141574,TRUE
121.66684035326413,18.860257038846612,R,0,HS,188.5002342362914,TRUE
117.31113199761953,28.826254330575466,S,1,8th,154.9894004432273,FALSE
88.68683365847619,26.163157457485795,S,0,HS,102.16412151722881,FALSE
102.76489453533634,22.217189075425267,U,0,HS,156.9491588132704,TRUE
106.49677344713079,34.79084408655763,U,1,8th,169.7756995855734,TRUE
114.68101482440777,17.220839586108923,S,0,HS,208.26004478958012,TRUE
93.71287096771212,34.79328581877053,R,0,HS,126.0556342890829,FALSE
101.98536431314133,31.63390665128827,R,0,HS,129.13819624474968,FALSE
111.53894470585492,33.939070330932736,R,1,8th,165.05122062189787,TRUE
107.71344695391183,37.38155844807625,S,1,8th,187.68787877337746,TRUE
99.72261273966869,28.43589978478849,S,0,HS,145.45890133060766,FALSE
107.03542034692234,35.28097289055586,U,1,8th,170.98408476158633,TRUE
120.36484471158543,29.917898669838905,U,1,8th,162.13217446832275,TRUE
97.46643544017236,19.35600557923317,R,0,HS,162.11934728643553,TRUE
122.63537439817229,25.494830772280693,U,0,HS,157.11147695816808,TRUE
108.9186642827393,20.707684360444546,S,0,HS,176.0262315510167,TRUE
123.32477736258602,25.325431536883116,U,1,8th,172.1220677831515,TRUE
106.12709103731952,35.10698713362217,R,1,8th,160.76315850587181,TRUE
101.4555381162887,36.96359599195421,S,0,HS,178.00735698813162,TRUE
112.14791617258632,28.13507590070367,U,1,8th,161.52267733486582,TRUE
117.40526645101112,38.18780312500894,R,1,8th,182.3855430525478,TRUE
94.96201838930553,22.97213077172637,S,0,HS,142.63013419493944,FALSE
101.67866570999668,38.135901944711804,S,1,8th,188.60219988192583,TRUE
111.24051842821117,36.34761955589056,S,1,8th,181.79907770293144,TRUE
106.48928987177077,37.08444486372173,S,1,8th,183.28918303878112,TRUE
105.85069618159262,36.318008214235306,S,1,8th,176.07749131304539,TRUE
106.1035433681343,22.339444844052196,R,0,HS,158.12964244414263,TRUE
94.02412603158514,28.215574888512492,U,0,HS,118.38014118411945,FALSE
124.07234515251513,21.91592726483941,U,1,8th,185.37375385742615,TRUE
97.61576696037726,19.347989657893777,R,0,HS,156.4178944029985,TRUE
89.96369167180367,27.495380578562617,U,0,HS,94.53244355775037,FALSE
108.06462209014914,30.091869367286563,R,1,8th,148.7939019606855,FALSE
115.5169065255627,30.583458840847015,R,1,8th,147.88076084876408,FALSE
111.59044192003962,21.753258742392063,R,0,HS,161.5160047512306,TRUE
106.69668864800386,31.282432993873954,S,1,8th,154.75243316166112,FALSE
103.55139547885481,25.752104422077537,R,0,HS,143.72233741884375,FALSE
109.38409612610808,39.1523947045207,S,1,8th,199.80612269125808,TRUE
118.08841945071691,19.581647412851453,U,1,8th,180.14046367358068,TRUE
110.37908904452374,36.37368673272431,R,1,8th,165.88904308277466,TRUE
102.02273901242233,31.618252251297235,U,1,8th,151.6330711084211,FALSE
113.32257835637516,17.27116879634559,S,0,HS,200.8490965985572,TRUE
115.38721007977819,39.4971890412271,U,1,8th,207.33359118230095,TRUE
103.91122903925769,29.208492260426283,U,1,8th,150.63122784549253,FALSE
117.6187982551663,36.60603658668697,R,0,HS,168.3092948427784,TRUE
103.13171504173602,22.72918714210391,R,0,HS,144.85950276975115,FALSE
98.61406456103866,34.81008622609079,S,0,HS,156.2452234476891,TRUE
107.36014842576813,27.625288063660264,S,1,8th,145.90601759478466,FALSE
98.29222485533002,34.306381387636065,U,0,HS,141.81496893707828,FALSE
126.78020179540664,33.11187415383756,S,1,8th,184.97539617122158,TRUE
112.97684359396759,18.488390278071165,S,1,8th,194.8221578232954,TRUE
122.00754942097657,26.184344874694943,S,1,8th,169.09348975492796,TRUE
111.30891537449476,17.599012522026896,S,0,HS,193.9507709534575,TRUE
126.56436862342758,31.111725421622396,S,1,8th,180.73001381905655,TRUE
93.6138949448025,39.76416982896626,U,1,8th,195.31571644907922,TRUE
116.71154934475487,20.204881029203534,R,0,HS,167.16639562739485,TRUE
122.13059455076501,34.564193630591035,S,1,8th,176.7987977772178,TRUE
118.4790328293244,35.867903584614396,S,1,8th,188.725312843679,TRUE
115.01770441996936,16.833126110956073,U,1,8th,212.4954396101268,TRUE
114.94763337667759,39.05026878044009,R,1,8th,192.28365061407524,TRUE
109.69757970996653,37.87666465528309,U,1,8th,185.32348327050772,TRUE
93.49467778213523,24.54563414491713,S,1,8th,136.6398104539429,FALSE
102.13308896239258,31.364142507314682,R,1,8th,144.07450953021393,FALSE
95.13040470740651,18.711450770497322,S,0,HS,164.05396267427457,TRUE
117.36301614790366,27.580833047628403,U,1,8th,154.24928117271227,FALSE
99.9402435020884,33.590376514941454,R,1,8th,141.80643115783081,FALSE
107.08970741748195,37.24099270813167,U,1,8th,182.59666603437813,TRUE
97.95436479021029,31.004049381241202,S,0,HS,139.29839375452732,FALSE
102.25967959844102,34.03767964988947,U,1,8th,151.49701847321754,FALSE
108.35942679473204,21.31071037054062,U,0,HS,160.7534974445521,TRUE
106.10418539595953,32.07156864181161,S,1,8th,156.32784356308792,FALSE
105.53484117055322,28.816027380526066,R,1,8th,150.22880055759646,FALSE
93.549583445498,34.54895767197013,S,1,8th,151.20737237998983,FALSE
105.76278275302305,33.12652449682355,S,1,8th,159.45995000154375,TRUE
124.89206485922544,35.794946225360036,U,1,8th,190.25152057343024,TRUE
99.58012730901652,20.858928052708507,S,0,HS,163.57198430740922,TRUE
121.04599366911484,19.76256232149899,U,1,8th,193.38870563293366,TRUE
118.17906392464464,35.50618234090507,S,1,8th,182.95457287355578,TRUE
113.4700673928464,37.58191575668752,S,1,8th,192.525183799877,TRUE
98.12671264069445,30.15149917639792,S,1,8th,145.6884992450476,FALSE
113.08812680686275,28.14593969658017,U,1,8th,164.60677564480622,TRUE
115.52451649381828,35.098008612170815,S,1,8th,173.3808888672631,TRUE
107.3794630897067,28.362908992916346,S,1,8th,158.0068481991735,FALSE
90.71310793526172,30.776323281228542,S,0,HS,123.27035624101981,FALSE
125.29566723154973,31.276690104976296,S,1,8th,179.04980293577162,TRUE
108.14688057653389,33.486457416787744,R,1,8th,152.1366158656131,FALSE
102.25072281932248,28.460305830463767,S,0,HS,147.6135016570088,FALSE
131.4233351742124,19.709030548110604,S,0,HS,228.64277853382694,TRUE
115.54284527799834,20.132781948894262,U,0,HS,175.19993273817482,TRUE
120.59483921166768,34.80428105965257,R,1,8th,168.4524552552,TRUE
112.70019624240257,38.860933501273394,U,1,8th,193.87985367876627,TRUE
112.44918075598326,39.961673993617296,S,1,8th,214.7444586104919,TRUE
120.81224543141424,30.981566485017538,R,1,8th,153.25658873806967,FALSE
94.4060174348372,22.822847086936235,U,0,HS,135.05602217515016,FALSE
105.64519818481249,31.063640370965004,S,1,8th,155.82233621947518,FALSE
106.91961864437867,19.65598503127694,R,0,HS,167.0697206085579,TRUE
94.32058543933265,37.9312827847898,R,1,8th,165.10291853536555,TRUE
104.31129564162671,23.221301345154643,U,0,HS,149.65791585682953,FALSE
130.34774860892745,29.011689180508256,R,1,8th,184.85400853425924,TRUE
103.36888846813812,22.499581852927804,S,0,HS,157.2338725746013,TRUE
127.6420350540681,33.60282997228205,S,1,8th,189.3577357064089,TRUE
106.09224698335576,21.083510598167777,R,0,HS,158.22436408391982,TRUE
101.4431655207645,39.424943724647164,U,1,8th,206.97685976483217,TRUE
125.47717213982672,35.25752737745643,S,1,8th,196.3525013461936,TRUE
119.89651472527414,28.682187765836716,S,1,8th,170.64172964574385,TRUE
109.99375604424748,17.065554022789,U,1,8th,201.34211724127832,TRUE
110.30515966945507,26.313937295228243,S,1,8th,158.1223341189384,FALSE
111.65511185165624,20.203604616224766,R,1,8th,174.70378979685782,TRUE
97.64315012407758,30.808383395895362,R,1,8th,130.30342130246737,FALSE
122.34502920997919,28.47065705060959,S,1,8th,167.53474977819994,TRUE
93.13945339994572,36.41331025771797,R,1,8th,146.4831122358199,FALSE
105.13356229653287,16.628971353173256,U,0,HS,202.133909179064,TRUE
122.35240180678484,29.642143001779914,U,1,8th,166.45788295285547,TRUE
112.38617480644123,24.21130632981658,R,0,HS,152.25017067968295,FALSE
112.01531499593948,31.698917200788856,S,1,8th,159.2553640371417,TRUE
118.53552651751014,33.55130402185023,U,1,8th,166.85475789656422,TRUE
115.4846286798995,29.433811966329813,S,1,8th,158.47742031136175,FALSE
115.9380473871449,28.100443083792925,S,0,HS,154.58473773473293,FALSE
100.12050133805708,25.687276754528284,U,0,HS,137.48625697160296,FALSE
105.80600302853014,22.09339164569974,U,0,HS,155.11627735714853,TRUE
103.57198662148855,24.284758623689413,S,1,8th,161.69494629275766,TRUE
103.58573553360372,29.749569457024336,S,0,HS,145.42872518449093,FALSE
126.83096714664137,16.207299396395683,S,0,HS,240.5867916934829,TRUE
101.69770808691192,21.65897407196462,S,0,HS,158.5918795757163,TRUE
100.28725471700628,37.38301287032664,U,1,8th,186.11782078825277,TRUE
114.49075096243585,26.9528144095093,S,1,8th,160.75160911860127,TRUE
88.94984280075741,31.58101601526141,R,1,8th,101.3724197434896,FALSE
121.25386625743653,18.3206277936697,S,0,HS,202.74428921660746,TRUE
102.40109274271775,27.67267156019807,U,0,HS,138.6340473356202,FALSE
116.6292581114952,21.3334415666759,U,0,HS,173.06603712773622,TRUE
103.0503501617453,18.47687942162156,U,0,HS,180.98562288990766,TRUE
117.83715663307542,38.62736301869154,U,1,8th,195.15912643813394,TRUE
127.96855225928125,37.7336855083704,S,1,8th,216.8074810257614,TRUE
112.88059903293063,21.918288089334965,U,1,8th,171.3934041789341,TRUE
109.0178768136688,19.109552150592208,U,0,HS,187.9267320310542,TRUE
120.65603403184768,19.890256291255355,R,0,HS,180.97531474394344,TRUE
120.05840432247594,20.053796710446477,S,0,HS,193.20953224797907,TRUE
117.38784472538583,34.47534001991153,U,1,8th,171.56415803676882,TRUE
99.6017473876978,23.637685684487224,U,0,HS,143.9902839373352,FALSE
99.80604146445583,21.205468339845538,U,0,HS,154.78678879381954,FALSE
110.20383624343748,24.817189373075962,S,0,HS,157.94962186261594,TRUE
114.88983499450978,24.76890677213669,U,1,8th,163.61965266654573,TRUE
113.97871456649162,39.012508027255535,S,1,8th,198.702450779796,TRUE
110.63897164236317,36.040854869410396,U,1,8th,184.25042132189125,TRUE
106.02075439539078,25.259392086416483,U,0,HS,143.28070906846526,FALSE
123.27086539752784,22.987228121608496,U,0,HS,175.0947961156171,TRUE
104.09315079639374,26.392733443528414,S,1,8th,150.74476143560258,FALSE
119.19503369983715,38.79081682488322,U,1,8th,203.47163403451492,TRUE
122.17457434327312,31.10484433732927,U,1,8th,165.2874083442537,TRUE
118.39763938429702,18.487008498981595,U,0,HS,186.68555200968063,TRUE
115.84444942859842,25.15109554491937,U,0,HS,154.41926344907506,FALSE
110.3629842995495,31.255339827388525,S,1,8th,155.67196202994572,FALSE
117.24295274171642,38.75552070327103,R,1,8th,187.9529964023752,TRUE
104.13116133467027,39.34616653062403,S,1,8th,186.3737111431739,TRUE
107.10398198949575,26.732820492237806,U,0,HS,145.65250988760428,FALSE
115.75302769320977,28.71935971826315,S,1,8th,164.06680900978358,TRUE
116.45890365071078,35.895680993795395,S,1,8th,183.75648398934837,TRUE
130.81272497594952,36.205276522785425,U,1,8th,220.02640726962062,TRUE
113.29388181112672,25.341884089633822,U,0,HS,152.87905162735487,FALSE
103.60052868336628,38.981557972729206,U,1,8th,194.9564457424014,TRUE
100.66612930772922,24.85368301719427,U,0,HS,141.14387579267043,FALSE
121.51187729826908,23.593671288341284,R,0,HS,159.58963904988013,TRUE
116.56924490357243,35.256062634289265,S,1,8th,186.75983354373432,TRUE
115.43116265564925,39.06536540389061,S,1,8th,210.63457581236256,TRUE
120.81919922875974,27.075760897248983,S,1,8th,170.13882124295094,TRUE
125.52672413996497,31.126199861988425,S,1,8th,173.38695878678124,TRUE
116.01256516234155,23.352256232872605,U,1,8th,171.72721956822917,TRUE
102.09428982667751,17.207765029743314,R,0,HS,180.3248412861378,TRUE
96.39526151613487,37.78410203009844,S,0,HS,167.90050059021675,TRUE
115.86079012659103,16.109198143705726,U,0,HS,208.00074706222046,TRUE
111.11014654536167,17.491947254166007,U,0,HS,187.0146048429089,TRUE
118.43774731829815,21.452935045585036,U,0,HS,167.8680129537706,TRUE
102.73817286453672,30.143433639779687,S,0,HS,151.90398102540664,FALSE
115.47185977471774,22.427821222692728,U,0,HS,165.0023749161573,TRUE
113.25025591708466,24.12220280431211,R,1,8th,158.3074949787881,FALSE
112.10797582334945,37.653691278770566,U,1,8th,185.17299799586974,TRUE
129.7746190433442,18.71050382219255,U,0,HS,217.93468273538429,TRUE
103.12001932522317,32.05345675162971,S,1,8th,161.1745419855051,TRUE
117.03990561509141,26.963973661884665,S,1,8th,158.3356147103592,FALSE
121.47403666370673,37.90347003750503,S,1,8th,202.89715039980055,TRUE
105.88183232729978,30.77808511815965,U,1,8th,158.98648222249204,TRUE
102.62581392469895,23.632380263879895,U,0,HS,153.07858769127483,FALSE
113.10221788909134,24.26483609713614,U,1,8th,165.88941064322523,TRUE
107.21693996283562,30.948387229815125,S,1,8th,163.02588187991407,TRUE
134.95105509682455,18.822002060711384,U,0,HS,250.6563631394238,TRUE
121.70867206863588,26.281321052461863,U,1,8th,166.203861343833,TRUE
124.23559664276564,25.031787283718586,U,0,HS,170.06896150433184,TRUE
98.89891129914163,17.627685263752937,U,0,HS,174.86752751342192,TRUE
117.13113113240169,37.89602321945131,S,1,8th,197.05607696513508,TRUE
113.24082458085695,39.88522485084832,S,1,8th,211.06102998230688,TRUE
96.58071637145781,20.48464554361999,U,0,HS,145.80867913155288,FALSE
107.8590043798739,32.301252922043204,U,1,8th,163.19512523364202,TRUE
133.3542203143988,28.346903312951326,R,1,8th,199.17809129950356,TRUE
129.70351565778665,26.277246229350567,R,1,8th,185.79713547730117,TRUE
99.68594058869536,31.559050595387816,U,1,8th,141.87220873005992,FALSE
110.89628438841314,23.334982907399535,S,1,8th,166.6186360268967,TRUE
111.79391198184061,22.217540064826608,U,1,8th,169.68856762237283,TRUE
120.1266944100068,24.562214605510235,S,1,8th,169.5836504583812,TRUE
98.15966546148385,38.13572256080806,R,1,8th,170.65692294757443,TRUE
108.88366502364768,33.44643924385309,S,1,8th,172.99056784236015,TRUE
121.02543475238559,16.49130194634199,R,1,8th,212.84347804342048,TRUE
103.054319264302,16.024367751553655,U,0,HS,194.58905463724903,TRUE
111.55787075558499,28.333874136209488,S,1,8th,163.69476822443647,TRUE
111.42207680770551,29.59829967468977,U,1,8th,148.49371743616948,FALSE
106.60095006643274,39.79235384427011,U,1,8th,211.1759876595749,TRUE
119.75643835372897,29.980452556163073,S,0,HS,165.44074187623994,TRUE
119.82383395842984,17.459685493260622,S,1,8th,217.75277397584796,TRUE
116.76528467811319,38.05861463397741,S,1,8th,191.674490612156,TRUE
106.84504784861663,18.059131558984518,S,0,HS,196.9946942034935,TRUE
102.17449496974909,32.62249370291829,R,1,8th,153.6436597572979,FALSE
112.47585327764449,29.79666975699365,S,1,8th,162.36543408242585,TRUE
111.34597201733166,24.931705716997385,S,1,8th,161.233325658798,TRUE
103.2973954530468,34.35343722999096,S,0,HS,167.28635482752267,TRUE
107.88361218196712,22.68868440017104,R,1,8th,160.47980504325585,TRUE
113.39632263680812,27.98383948393166,U,0,HS,149.86213530281026,FALSE
107.81608601357387,21.601410038769245,R,0,HS,155.84236664035475,TRUE
110.62301421794045,21.34797145612538,R,0,HS,163.477664670158,TRUE
122.86701084325749,17.227713892236352,U,0,HS,200.61459971622813,TRUE
99.20366231185923,17.883126160129905,R,0,HS,173.4020417023445,TRUE
93.32861243158493,38.577168706804514,S,0,HS,165.61575805515145,TRUE
101.56367434212949,19.679275238886476,S,0,HS,172.60103368178574,TRUE
108.00569542039376,18.307175604626536,S,0,HS,192.09933471568118,TRUE
114.57798022042718,26.804653810337186,R,1,8th,151.29632579955137,FALSE
116.77912973428803,30.405089342966676,R,1,8th,157.33129714422762,FALSE
117.13475937513422,21.611084777861834,U,1,8th,167.12889459667522,TRUE
117.26403649370984,33.40266780555248,U,0,HS,158.27938385214975,TRUE
115.791030522109,18.05570436641574,U,1,8th,196.9021360378329,TRUE
114.667894717481,18.360102416947484,R,0,HS,184.64024544285718,TRUE
117.28464466833363,35.133831698447466,U,1,8th,171.19966196519235,TRUE
108.65552093183949,38.64751776307821,S,1,8th,200.05913518505207,TRUE
112.18060728923219,19.62035416997969,U,0,HS,176.92230510684684,TRUE
91.56043249529071,23.858448781073093,U,0,HS,117.00124536543024,FALSE
126.71841533881054,22.575643768534064,U,1,8th,187.75637122426846,TRUE
107.18344133971831,33.3965043798089,U,1,8th,161.96366383132084,TRUE
97.7625382875233,33.91340731829405,S,1,8th,146.59464657583396,FALSE
116.50451737495713,35.95602555014193,S,1,8th,179.3534978511339,TRUE
117.95757598881181,35.2460183929652,S,0,HS,182.47176932507884,TRUE
101.43496435350275,26.186952769756317,R,1,8th,142.673274882323,FALSE
112.14900748188508,25.786262057721615,R,0,HS,145.36574596482217,FALSE
116.95240447637237,23.24157383851707,U,0,HS,159.85968442378964,TRUE
104.62235186970405,27.57274965196848,U,0,HS,142.16608887069586,FALSE
94.99245476944562,29.780305974185467,S,0,HS,124.70021883286876,FALSE
121.4795097185432,38.68748062103987,U,1,8th,210.31332603781092,TRUE
119.66566297495375,36.58960657007992,S,1,8th,193.77862159086334,TRUE
110.56630901559544,36.48621540889144,U,1,8th,179.65982160100535,TRUE
113.66482411004634,27.058332160115242,U,0,HS,148.07699648718668,FALSE
96.88899218749361,19.55716682970524,R,0,HS,151.54314398582986,FALSE
106.51371114343826,27.281026726588607,S,1,8th,161.46721258448613,TRUE
123.21336247866684,16.86347583681345,U,0,HS,210.20845458979343,TRUE
109.64266825978518,21.35316318459809,U,1,8th,171.26748882039743,TRUE
114.27794170963473,35.123743038624525,S,1,8th,177.81934130483694,TRUE
115.89530624198963,17.098918003961444,R,0,HS,200.66349970310887,TRUE
111.52964592453883,24.681368527933955,R,1,8th,150.22755856189522,FALSE
118.80327224012684,25.359052708372474,R,0,HS,152.58625970168478,FALSE
102.15967991831403,34.94572214409709,S,1,8th,170.83476800239148,TRUE
101.97500970873665,27.26355749927461,R,0,HS,140.82771884495838,FALSE
126.73503660455731,38.25096227414906,U,1,8th,220.87572685508206,TRUE
108.03553280247436,17.824167668819427,R,1,8th,192.75537520210972,TRUE
111.9165117611891,25.566869128495455,U,1,8th,162.64705192827955,TRUE
93.99678124619359,39.88799179531634,S,1,8th,194.09550284358744,TRUE
115.85098702050624,34.366954708471894,U,1,8th,172.19259770429673,TRUE
110.68617338553238,32.45525047183037,S,1,8th,165.43134855390062,TRUE
114.81132212065395,38.05084452033043,S,1,8th,195.1345609588526,TRUE
105.81001494151842,30.580244448035955,S,0,HS,158.39323146221952,TRUE
114.16077208126461,33.2786452434957,U,1,8th,173.7823215394683,TRUE
96.71835119807685,36.0369646884501,R,1,8th,147.26576241627643,FALSE
87.00606596373298,21.088719425722957,S,0,HS,111.51126285105404,FALSE
108.46838829178674,18.43318308517337,U,0,HS,187.83596195225368,TRUE
114.65588420420548,28.16800979524851,U,1,8th,165.81778037602362,TRUE
118.779452171332,33.77559553645551,U,1,8th,173.67221910743052,TRUE
127.8912480193242,17.34936287254095,S,0,HS,230.41068943937114,TRUE
106.8030381316386,31.204100208356977,S,0,HS,155.7637000310076,TRUE
120.31624469299314,28.863916674628854,S,1,8th,161.0265483539272,TRUE
97.81492214084919,17.544026711955667,S,0,HS,180.15812218530323,TRUE
103.59197086548022,16.20120712183416,R,0,HS,184.47257016910999,TRUE
108.65647690941336,22.888730013743043,U,0,HS,158.18989085922755,TRUE
121.02747255491721,26.786694711074233,U,1,8th,158.91815921295407,TRUE
110.95000345243557,29.290911581367254,S,1,8th,160.50352108533832,TRUE
133.38434235181995,39.7431727591902,S,1,8th,257.87179936472927,TRUE
99.91899125417824,39.33547107130289,U,1,8th,194.30756392701525,TRUE
107.36631759800126,26.110952561721206,R,0,HS,144.63669064380363,FALSE
106.05126896139045,29.336242523044348,R,0,HS,141.939077585851,FALSE
113.43001570817219,24.112462585791945,R,1,8th,158.6689984882649,TRUE
115.46951375881689,23.66550780273974,R,0,HS,154.27420754136185,FALSE
110.6936829846686,16.1986335311085,U,0,HS,210.6043857738934,TRUE
110.31718711610525,20.60448222234845,S,0,HS,177.1628186860159,TRUE
100.33015095395886,35.108218586072326,U,0,HS,158.2102740170226,TRUE
98.59238817786733,21.7194271851331,S,0,HS,160.40482881446533,TRUE
124.94448657314095,32.42997068539262,U,1,8th,174.3174156614842,TRUE
92.60407274499678,33.33009145967662,R,1,8th,123.12920697771453,FALSE
120.15479935353679,23.653895150870085,R,1,8th,156.1818761822735,FALSE
114.02337396872653,25.63671080581844,S,0,HS,147.83290622382825,FALSE
122.46898710881065,38.664340667426586,S,1,8th,216.27945911827462,TRUE
125.53886871175504,29.897670762613416,U,1,8th,177.50008029348544,TRUE
118.34704147557476,25.32054120488465,U,0,HS,154.50237894056212,FALSE
107.19328631496788,21.207344567403197,S,0,HS,168.78404332997584,TRUE
115.2202475308969,39.87381290085614,U,1,8th,205.43489379530396,TRUE
118.41399006922995,34.561773551627994,U,1,8th,177.7306237798981,TRUE
95.94631779216381,27.75649569928646,S,1,8th,141.30876009733393,FALSE
113.63783666610283,27.656141905114055,S,1,8th,157.29204563261078,FALSE
92.04926757566298,26.46548868715763,U,0,HS,109.47496050615477,FALSE
111.27106766764108,19.288201240822673,S,0,HS,184.10231789135582,TRUE
103.30651995719474,25.08957926556468,R,0,HS,136.52811686899256,FALSE
114.88354231017736,35.277417186647654,U,1,8th,177.9335009348685,TRUE
106.09386781031543,29.518470199778676,U,0,HS,145.47273667702675,FALSE
96.78179862456116,19.389415755867958,S,0,HS,164.19600723461554,TRUE
107.36367256473083,36.72864697687328,U,0,HS,174.84453718641228,TRUE
131.14742818058363,32.993126183748245,S,1,8th,207.17401055908502,TRUE
92.53736505080047,39.633614053949714,U,1,8th,172.42403964698977,TRUE
118.12166275020387,31.38437271118164,U,1,8th,155.0411245390203,FALSE
118.24264582494689,36.802015490829945,U,1,8th,182.8306581110956,TRUE
125.59502563589048,39.221616707742214,U,1,8th,225.34297236816545,TRUE
102.07932389251873,18.54010754264891,S,1,8th,186.30541733525465,TRUE
117.29440167935732,35.84081417322159,U,1,8th,170.99554523722352,TRUE
111.24916539632578,32.94485146738589,S,1,8th,171.09966226493677,TRUE
126.01497885238594,18.9016036093235,R,1,8th,204.30178267287835,TRUE
104.34425851421506,36.88365664705634,U,1,8th,185.06497182894586,TRUE
106.00849990875189,28.677109668031335,S,1,8th,153.0308464884987,FALSE
101.99030663562726,30.17692044377327,U,1,8th,145.61915100215072,FALSE
118.0486066225036,27.394082630053163,U,0,HS,150.41263147401008,FALSE
118.8476722234912,32.404364708811045,U,1,8th,164.17812449766862,TRUE
104.46896545229006,25.03936057910323,U,0,HS,149.2438755841491,FALSE
119.6824447522183,22.200894141569734,S,0,HS,170.71255756090184,TRUE
109.58540545464719,20.43731541186571,U,0,HS,170.6249553198069,TRUE
113.26467697803487,35.790887327864766,S,1,8th,187.31801283007923,TRUE
107.07536227261312,33.0113206859678,S,1,8th,175.71043265641768,TRUE
117.4938577383578,38.89551650732756,U,1,8th,206.35461492805211,TRUE
116.4618775666157,21.288012366741896,R,1,8th,159.9597190077854,TRUE
118.26169294022625,17.33263504691422,R,0,HS,194.55142121480938,TRUE
85.87553107586123,25.361440673470497,U,0,HS,75.73379051245352,FALSE
95.37530391961997,19.240792961791158,R,0,HS,149.94552759564888,FALSE
113.33693522748484,36.43623920530081,U,1,8th,178.71441238691403,TRUE
120.52358410244938,19.83641248755157,U,0,HS,172.20626561277177,TRUE
102.74900108937477,21.868957264348865,S,0,HS,159.28861851809438,TRUE
101.00857909538,29.955348482355475,U,0,HS,142.99171082353044,FALSE
130.2369047371384,31.958938013762236,S,1,8th,201.63721580903123,TRUE
105.72989517700172,17.83279689401388,S,0,HS,182.8710373098236,TRUE
123.27274903385522,24.13302862457931,S,0,HS,172.14799040187307,TRUE
108.74822822703854,23.802007526159286,U,0,HS,156.54386021013187,TRUE
120.90120019521373,21.848060665652156,S,1,8th,180.8657960444704,TRUE
129.6532750930302,35.19732263125479,U,1,8th,205.51498864251766,TRUE
105.99139862682391,34.88486285507679,U,1,8th,172.35512155666441,TRUE
108.26903141353856,38.328713176772,R,1,8th,180.77652996008402,TRUE
120.9521784587714,32.402194164693356,S,1,8th,169.1549546745678,TRUE
109.19349285037744,38.06007189489901,S,1,8th,187.8367476814861,TRUE
112.37523398237656,29.057416032999754,S,0,HS,157.0079047275763,TRUE
112.50339355886781,19.727700063958764,S,0,HS,183.5900398405665,TRUE
100.25681127083308,36.69623039662838,S,1,8th,184.84572006562027,TRUE
97.5583371780102,28.630324823781848,U,1,8th,140.4536025745621,FALSE
97.74033051995949,33.727118726819754,U,1,8th,144.77300214764512,FALSE
91.40875676301829,28.96318027935922,R,0,HS,105.6068579171102,FALSE
102.34585299941112,32.590790098533034,S,1,8th,158.44387386005093,FALSE
111.0668515464663,33.337224738672376,S,1,8th,175.34758640053923,TRUE
103.17170085736177,32.126221315935254,U,1,8th,148.12287617257743,FALSE
108.7463847640809,34.55496587045491,U,1,8th,171.94076261714096,TRUE
115.4587485867539,20.033234046772122,R,0,HS,174.37573836084226,TRUE
132.59069603658088,29.729775369167328,R,1,8th,190.5171163012048,TRUE
116.80626019606642,34.12583146058023,S,1,8th,169.8155346985882,TRUE
100.23019219341518,33.43937664665282,R,1,8th,138.90196962110693,FALSE
106.1315865414348,28.277216907590628,S,0,HS,149.38232520878228,FALSE
106.80189431927958,39.36413112282753,U,1,8th,204.16909445746845,TRUE
94.83506987020884,26.54309136979282,S,0,HS,133.23671370790305,FALSE
101.42565408070251,39.852852281183004,S,1,8th,220.24826947765033,TRUE
109.5366058624074,18.669297011569142,U,0,HS,175.372383691442,TRUE
100.6344223768103,26.220854964107275,U,1,8th,143.21030996238758,FALSE
111.72364056336312,30.469703920185566,S,1,8th,156.5580469493301,FALSE
108.7218587477101,16.42837897129357,S,0,HS,205.40807759531842,TRUE
99.58090248914581,29.232613500207663,U,0,HS,141.7843184638105,FALSE
99.35696299388061,39.0183630771935,S,1,8th,201.73066549166984,TRUE
115.1439960742921,24.230945078656077,S,1,8th,165.10485530708615,TRUE
115.18062138781471,35.724968649446964,R,1,8th,172.2752050259631,TRUE
90.14496927490994,29.749790973961353,S,1,8th,107.54028217335366,FALSE
112.16364459527942,34.07385943084955,S,1,8th,173.15792354811927,TRUE
110.95968069126073,26.321061918511987,U,1,8th,148.45372738873246,FALSE
117.43848378017007,18.164085196331143,S,0,HS,194.29238620869708,TRUE
125.90487368443269,36.250252440571785,S,1,8th,195.12190874439824,TRUE
116.52424603934861,26.048121139407158,R,1,8th,151.31776018406885,FALSE
100.00927933598632,18.65561947785318,U,0,HS,170.86526048927487,TRUE
109.18967516590895,39.779111448675394,U,1,8th,205.5017558156296,TRUE
138.02995804659807,28.50669987127185,S,1,8th,250.06557726653628,TRUE
117.65670032954894,34.94281816110015,U,1,8th,173.4761793372163,TRUE
111.8335094285958,38.97033007256687,S,1,8th,206.83330179152,TRUE
112.70325920213358,37.96324316598475,R,1,8th,186.5917297056144,TRUE
113.52307392556081,30.04498981870711,U,1,8th,150.7244108625375,FALSE
101.67852988620126,30.29024696536362,U,1,8th,150.39141981371853,FALSE
111.83350614747121,35.81537820957601,S,1,8th,182.4660807880169,TRUE
106.37478108855717,36.139371272176504,S,1,8th,183.61529245692105,TRUE
96.81952646354709,29.312351679429412,U,1,8th,132.98235221913617,FALSE
110.02012755675398,32.8947013001889,S,1,8th,162.19547981241112,TRUE
114.23669839638039,33.157958606258035,U,1,8th,153.87333182841368,FALSE
108.73628755008556,28.334287056699395,S,1,8th,160.0567440009125,TRUE
106.46463857776342,37.073531368747354,U,1,8th,187.83260563242325,TRUE
121.80140800229914,18.759091217070818,S,1,8th,204.22240274678398,TRUE
114.3479505293817,28.29208729788661,U,1,8th,155.0430618917592,FALSE
120.81682935870283,36.564763167873025,S,1,8th,191.00228223646286,TRUE
117.65814949293438,26.328929770737886,S,0,HS,162.2874664672285,TRUE
114.3845018516863,39.69456199556589,U,1,8th,205.4227970314271,TRUE
124.55621730555251,35.966630635783076,U,1,8th,195.62821864626852,TRUE
115.61327114416541,19.058179572224617,U,0,HS,183.57867847112368,TRUE
137.95960641994827,33.509573582559824,R,1,8th,249.10609883705445,TRUE
113.04232154964443,27.738430155441165,S,1,8th,155.37241630864227,FALSE
116.49713484347625,24.537737039849162,S,0,HS,162.36200074201304,TRUE
93.86345030835106,17.40701050683856,U,0,HS,166.73801651424154,TRUE
90.69940124556383,36.287692334502935,U,1,8th,148.04781595248483,FALSE
113.89828495809887,18.896821778267622,U,0,HS,184.0370119639558,TRUE
102.95912810552274,29.97849052026868,S,1,8th,154.9322760057418,FALSE
95.56486679965313,37.63854059204459,R,0,HS,161.99320595604033,TRUE
110.8799880022299,38.72775495052338,U,1,8th,194.3286045492256,TRUE
109.89191284149538,23.331833312287927,R,0,HS,150.51733282594586,FALSE
129.48755936691543,26.899365527555346,S,1,8th,192.192305848965,TRUE
106.26102555536097,24.59912810474634,S,0,HS,153.5172992733371,FALSE
107.81425262725026,38.717480938881636,S,1,8th,203.67425824639923,TRUE
